fecha_hora;consumo
1/10/2024 0:00;0
1/10/2024 1:00;0
1/10/2024 2:00;0
1/10/2024 3:00;0
1/10/2024 4:00;0
1/10/2024 5:00;0
1/10/2024 6:00;0
1/10/2024 7:00;0
1/10/2024 8:00;11.7
1/10/2024 9:00;16.6
1/10/2024 10:00;17
1/10/2024 11:00;17
1/10/2024 12:00;16.8
1/10/2024 13:00;16.7
1/10/2024 14:00;16.1
1/10/2024 15:00;16.5
1/10/2024 16:00;16.5
1/10/2024 17:00;16.2
1/10/2024 18:00;16.1
1/10/2024 19:00;15.7
1/10/2024 20:00;14.3
1/10/2024 21:00;1.71
1/10/2024 22:00;0
1/10/2024 23:00;0
2/10/2024 0:00;0
2/10/2024 1:00;0
2/10/2024 2:00;0
2/10/2024 3:00;0
2/10/2024 4:00;0
2/10/2024 5:00;0
2/10/2024 6:00;0
2/10/2024 7:00;0
2/10/2024 8:00;13.4
2/10/2024 9:00;16.5
2/10/2024 10:00;15.1
2/10/2024 11:00;15.3
2/10/2024 12:00;15.2
2/10/2024 13:00;15.2
2/10/2024 14:00;15.5
2/10/2024 15:00;15.3
2/10/2024 16:00;15
2/10/2024 17:00;14.2
2/10/2024 18:00;13.6
2/10/2024 19:00;13.3
2/10/2024 20:00;11.4
2/10/2024 21:00;0
2/10/2024 22:00;0
2/10/2024 23:00;0
3/10/2024 0:00;0
3/10/2024 1:00;0
3/10/2024 2:00;0
3/10/2024 3:00;0
3/10/2024 4:00;0
3/10/2024 5:00;0
3/10/2024 6:00;0
3/10/2024 7:00;0
3/10/2024 8:00;0.735
3/10/2024 9:00;16.7
3/10/2024 10:00;13.1
3/10/2024 11:00;17.4
3/10/2024 12:00;17.1
3/10/2024 13:00;16
3/10/2024 14:00;8.33
3/10/2024 15:00;16.7
3/10/2024 16:00;16.5
3/10/2024 17:00;16.2
3/10/2024 18:00;16.2
3/10/2024 19:00;16.1
3/10/2024 20:00;10.9
3/10/2024 21:00;0
3/10/2024 22:00;0
3/10/2024 23:00;0
4/10/2024 0:00;0
4/10/2024 1:00;0
4/10/2024 2:00;0
4/10/2024 3:00;0
4/10/2024 4:00;0
4/10/2024 5:00;0
4/10/2024 6:00;0
4/10/2024 7:00;0
4/10/2024 8:00;12.2
4/10/2024 9:00;17
4/10/2024 10:00;17.1
4/10/2024 11:00;17.2
4/10/2024 12:00;17.3
4/10/2024 13:00;17
4/10/2024 14:00;16.9
4/10/2024 15:00;16.5
4/10/2024 16:00;16.3
4/10/2024 17:00;16.2
4/10/2024 18:00;16.1
4/10/2024 19:00;16.1
4/10/2024 20:00;8.92
4/10/2024 21:00;0
4/10/2024 22:00;0
4/10/2024 23:00;0
5/10/2024 0:00;0
5/10/2024 1:00;0
5/10/2024 2:00;0
5/10/2024 3:00;0
5/10/2024 4:00;0
5/10/2024 5:00;0
5/10/2024 6:00;0
5/10/2024 7:00;1.02
5/10/2024 8:00;15.9
5/10/2024 9:00;16.2
5/10/2024 10:00;16.5
5/10/2024 11:00;17
5/10/2024 12:00;17.4
5/10/2024 13:00;17.5
5/10/2024 14:00;17.8
5/10/2024 15:00;17.3
5/10/2024 16:00;16.2
5/10/2024 17:00;16.3
5/10/2024 18:00;16.2
5/10/2024 19:00;16.1
5/10/2024 20:00;10.7
5/10/2024 21:00;0
5/10/2024 22:00;0
5/10/2024 23:00;0
6/10/2024 0:00;0
6/10/2024 1:00;0
6/10/2024 2:00;0
6/10/2024 3:00;0
6/10/2024 4:00;0
6/10/2024 5:00;0
6/10/2024 6:00;0
6/10/2024 7:00;13.8
6/10/2024 8:00;16.5
6/10/2024 9:00;16.8
6/10/2024 10:00;17.1
6/10/2024 11:00;15.4
6/10/2024 12:00;14.4
6/10/2024 13:00;15.5
6/10/2024 14:00;15.6
6/10/2024 15:00;15.6
6/10/2024 16:00;15.5
6/10/2024 17:00;15.4
6/10/2024 18:00;15.3
6/10/2024 19:00;4.05
6/10/2024 20:00;0
6/10/2024 21:00;0
6/10/2024 22:00;0
6/10/2024 23:00;0
7/10/2024 0:00;0
7/10/2024 1:00;0
7/10/2024 2:00;0
7/10/2024 3:00;0
7/10/2024 4:00;0
7/10/2024 5:00;0
7/10/2024 6:00;11.1
7/10/2024 7:00;15.7
7/10/2024 8:00;16.2
7/10/2024 9:00;16.2
7/10/2024 10:00;16.5
7/10/2024 11:00;16.6
7/10/2024 12:00;14.4
7/10/2024 13:00;14.9
7/10/2024 14:00;16
7/10/2024 15:00;16.3
7/10/2024 16:00;16
7/10/2024 17:00;15.8
7/10/2024 18:00;15.5
7/10/2024 19:00;15.5
7/10/2024 20:00;8.74
7/10/2024 21:00;0
7/10/2024 22:00;0
7/10/2024 23:00;0
8/10/2024 0:00;0
8/10/2024 1:00;0
8/10/2024 2:00;0
8/10/2024 3:00;0
8/10/2024 4:00;0
8/10/2024 5:00;0
8/10/2024 6:00;9.57
8/10/2024 7:00;15.4
8/10/2024 8:00;15.4
8/10/2024 9:00;15.7
8/10/2024 10:00;15.9
8/10/2024 11:00;16.2
8/10/2024 12:00;16.3
8/10/2024 13:00;14
8/10/2024 14:00;12.2
8/10/2024 15:00;13.5
8/10/2024 16:00;14
8/10/2024 17:00;13.3
8/10/2024 18:00;13.6
8/10/2024 19:00;13.4
8/10/2024 20:00;6.54
8/10/2024 21:00;0
8/10/2024 22:00;0
8/10/2024 23:00;0
9/10/2024 0:00;0
9/10/2024 1:00;0
9/10/2024 2:00;0
9/10/2024 3:00;0
9/10/2024 4:00;0
9/10/2024 5:00;0
9/10/2024 6:00;7.36
9/10/2024 7:00;15.3
9/10/2024 8:00;15.4
9/10/2024 9:00;15.5
9/10/2024 10:00;15.4
9/10/2024 11:00;15.3
9/10/2024 12:00;15
9/10/2024 13:00;15.1
9/10/2024 14:00;15.3
9/10/2024 15:00;14.7
9/10/2024 16:00;14.8
9/10/2024 17:00;14.6
9/10/2024 18:00;14.4
9/10/2024 19:00;14.2
9/10/2024 20:00;9.31
9/10/2024 21:00;0
9/10/2024 22:00;0
9/10/2024 23:00;0
10/10/2024 0:00;0
10/10/2024 1:00;0
10/10/2024 2:00;0
10/10/2024 3:00;0
10/10/2024 4:00;0
10/10/2024 5:00;0
10/10/2024 6:00;11.5
10/10/2024 7:00;15.1
10/10/2024 8:00;15.3
10/10/2024 9:00;15.2
10/10/2024 10:00;15
10/10/2024 11:00;15.3
10/10/2024 12:00;15.3
10/10/2024 13:00;14.7
10/10/2024 14:00;15.2
10/10/2024 15:00;14.6
10/10/2024 16:00;14.7
10/10/2024 17:00;13.7
10/10/2024 18:00;12.8
10/10/2024 19:00;15.1
10/10/2024 20:00;
10/10/2024 21:00;
10/10/2024 22:00;0
10/10/2024 23:00;0
11/10/2024 0:00;0
11/10/2024 1:00;0
11/10/2024 2:00;0
11/10/2024 3:00;0
11/10/2024 4:00;0
11/10/2024 5:00;0
11/10/2024 6:00;11.5
11/10/2024 7:00;15
11/10/2024 8:00;15.1
11/10/2024 9:00;14.8
11/10/2024 10:00;13.6
11/10/2024 11:00;14.3
11/10/2024 12:00;14.9
11/10/2024 13:00;14.6
11/10/2024 14:00;14.6
11/10/2024 15:00;14.1
11/10/2024 16:00;15
11/10/2024 17:00;14.5
11/10/2024 18:00;14.1
11/10/2024 19:00;13.7
11/10/2024 20:00;6.23
11/10/2024 21:00;0
11/10/2024 22:00;0
11/10/2024 23:00;0
12/10/2024 0:00;0
12/10/2024 1:00;0
12/10/2024 2:00;0
12/10/2024 3:00;0
12/10/2024 4:00;0
12/10/2024 5:00;0
12/10/2024 6:00;11.8
12/10/2024 7:00;15.7
12/10/2024 8:00;16
12/10/2024 9:00;16.5
12/10/2024 10:00;16.8
12/10/2024 11:00;17.3
12/10/2024 12:00;17.8
12/10/2024 13:00;17.4
12/10/2024 14:00;17.1
12/10/2024 15:00;17.2
12/10/2024 16:00;16.8
12/10/2024 17:00;16.3
12/10/2024 18:00;15.9
12/10/2024 19:00;16.1
12/10/2024 20:00;16.1
12/10/2024 21:00;2.15
12/10/2024 22:00;0
12/10/2024 23:00;0
13/10/2024 0:00;0
13/10/2024 1:00;0
13/10/2024 2:00;0
13/10/2024 3:00;0
13/10/2024 4:00;0
13/10/2024 5:00;0
13/10/2024 6:00;0
13/10/2024 7:00;0
13/10/2024 8:00;11.7
13/10/2024 9:00;17.2
13/10/2024 10:00;17.4
13/10/2024 11:00;17
13/10/2024 12:00;16.4
13/10/2024 13:00;16.2
13/10/2024 14:00;16.9
13/10/2024 15:00;16.8
13/10/2024 16:00;16.6
13/10/2024 17:00;16.4
13/10/2024 18:00;16.3
13/10/2024 19:00;14.1
13/10/2024 20:00;0
13/10/2024 21:00;0
13/10/2024 22:00;0
13/10/2024 23:00;0
14/10/2024 0:00;0
14/10/2024 1:00;0
14/10/2024 2:00;0
14/10/2024 3:00;0
14/10/2024 4:00;0
14/10/2024 5:00;0
14/10/2024 6:00;0
14/10/2024 7:00;12.3
14/10/2024 8:00;17.4
14/10/2024 9:00;17.8
14/10/2024 10:00;17.9
14/10/2024 11:00;18.2
14/10/2024 12:00;18.3
14/10/2024 13:00;18.4
14/10/2024 14:00;17.7
14/10/2024 15:00;17.1
14/10/2024 16:00;17.2
14/10/2024 17:00;17.1
14/10/2024 18:00;17
14/10/2024 19:00;17
14/10/2024 20:00;0
14/10/2024 21:00;0
14/10/2024 22:00;0
14/10/2024 23:00;0
15/10/2024 0:00;0
15/10/2024 1:00;0
15/10/2024 2:00;0
15/10/2024 3:00;0
15/10/2024 4:00;0
15/10/2024 5:00;0
15/10/2024 6:00;0
15/10/2024 7:00;0
15/10/2024 8:00;9.01
15/10/2024 9:00;15.7
15/10/2024 10:00;15.6
15/10/2024 11:00;15.7
15/10/2024 12:00;15.7
15/10/2024 13:00;15.7
15/10/2024 14:00;15.8
15/10/2024 15:00;15.8
15/10/2024 16:00;15.8
15/10/2024 17:00;15.6
15/10/2024 18:00;15.5
15/10/2024 19:00;15.4
15/10/2024 20:00;8.77
15/10/2024 21:00;0
15/10/2024 22:00;0
15/10/2024 23:00;0
16/10/2024 0:00;0
16/10/2024 1:00;
16/10/2024 2:00;
16/10/2024 3:00;0
16/10/2024 4:00;0
16/10/2024 5:00;0
16/10/2024 6:00;0
16/10/2024 7:00;0.617
16/10/2024 8:00;0.593
16/10/2024 9:00;0
16/10/2024 10:00;9.18
16/10/2024 11:00;16.2
16/10/2024 12:00;15.8
16/10/2024 13:00;15.7
16/10/2024 14:00;15.8
16/10/2024 15:00;15.6
16/10/2024 16:00;15.7
16/10/2024 17:00;15.7
16/10/2024 18:00;15.8
16/10/2024 19:00;15.9
16/10/2024 20:00;13
16/10/2024 21:00;0
16/10/2024 22:00;0
16/10/2024 23:00;0
17/10/2024 0:00;0
17/10/2024 1:00;0
17/10/2024 2:00;0
17/10/2024 3:00;0
17/10/2024 4:00;0
17/10/2024 5:00;0
17/10/2024 6:00;7.77
17/10/2024 7:00;17
17/10/2024 8:00;17.3
17/10/2024 9:00;18.1
17/10/2024 10:00;18.6
17/10/2024 11:00;19.2
17/10/2024 12:00;18.7
17/10/2024 13:00;17
17/10/2024 14:00;15.7
17/10/2024 15:00;17.2
17/10/2024 16:00;17.2
17/10/2024 17:00;17.2
17/10/2024 18:00;17.2
17/10/2024 19:00;17.1
17/10/2024 20:00;8.57
17/10/2024 21:00;0
17/10/2024 22:00;0
17/10/2024 23:00;0
18/10/2024 0:00;0
18/10/2024 1:00;0
18/10/2024 2:00;0
18/10/2024 3:00;0
18/10/2024 4:00;0
18/10/2024 5:00;0
18/10/2024 6:00;0
18/10/2024 7:00;0
18/10/2024 8:00;4.85
18/10/2024 9:00;18.2
18/10/2024 10:00;18.4
18/10/2024 11:00;18.4
18/10/2024 12:00;18.3
18/10/2024 13:00;18.3
18/10/2024 14:00;18
18/10/2024 15:00;17.6
18/10/2024 16:00;17.4
18/10/2024 17:00;17.1
18/10/2024 18:00;17.1
18/10/2024 19:00;17
18/10/2024 20:00;7.93
18/10/2024 21:00;0
18/10/2024 22:00;0
18/10/2024 23:00;0
19/10/2024 0:00;0
19/10/2024 1:00;0
19/10/2024 2:00;0
19/10/2024 3:00;0
19/10/2024 4:00;0
19/10/2024 5:00;0
19/10/2024 6:00;8.43
19/10/2024 7:00;17.5
19/10/2024 8:00;17.8
19/10/2024 9:00;18.4
19/10/2024 10:00;18.6
19/10/2024 11:00;18.8
19/10/2024 12:00;19.1
19/10/2024 13:00;17.9
19/10/2024 14:00;17.6
19/10/2024 15:00;17.2
19/10/2024 16:00;17.2
19/10/2024 17:00;17.5
19/10/2024 18:00;17.4
19/10/2024 19:00;17.3
19/10/2024 20:00;8.7
19/10/2024 21:00;0
19/10/2024 22:00;0
19/10/2024 23:00;0
20/10/2024 0:00;0
20/10/2024 1:00;0
20/10/2024 2:00;0
20/10/2024 3:00;0
20/10/2024 4:00;0
20/10/2024 5:00;0
20/10/2024 6:00;0
20/10/2024 7:00;17
20/10/2024 8:00;17.3
20/10/2024 9:00;17.1
20/10/2024 10:00;17.9
20/10/2024 11:00;18.6
20/10/2024 12:00;18.2
20/10/2024 13:00;15.1
20/10/2024 14:00;16.3
20/10/2024 15:00;16.9
20/10/2024 16:00;17
20/10/2024 17:00;17.1
20/10/2024 18:00;17.1
20/10/2024 19:00;14.3
20/10/2024 20:00;0
20/10/2024 21:00;0
20/10/2024 22:00;0
20/10/2024 23:00;0
21/10/2024 0:00;0
21/10/2024 1:00;0
21/10/2024 2:00;0
21/10/2024 3:00;0
21/10/2024 4:00;0
21/10/2024 5:00;0
21/10/2024 6:00;0
21/10/2024 7:00;0
21/10/2024 8:00;11.3
21/10/2024 9:00;17.6
21/10/2024 10:00;18
21/10/2024 11:00;18.5
21/10/2024 12:00;18.8
21/10/2024 13:00;18.3
21/10/2024 14:00;17.2
21/10/2024 15:00;15.6
21/10/2024 16:00;16.9
21/10/2024 17:00;16.8
21/10/2024 18:00;16.8
21/10/2024 19:00;16.6
21/10/2024 20:00;6.63
21/10/2024 21:00;0
21/10/2024 22:00;0
21/10/2024 23:00;0
22/10/2024 0:00;0
22/10/2024 1:00;0
22/10/2024 2:00;0
22/10/2024 3:00;0
22/10/2024 4:00;0
22/10/2024 5:00;0
22/10/2024 6:00;0
22/10/2024 7:00;0
22/10/2024 8:00;12.9
22/10/2024 9:00;16.4
22/10/2024 10:00;17.1
22/10/2024 11:00;16.5
22/10/2024 12:00;15.1
22/10/2024 13:00;15.8
22/10/2024 14:00;15.8
22/10/2024 15:00;15.8
22/10/2024 16:00;15.8
22/10/2024 17:00;15.7
22/10/2024 18:00;15.6
22/10/2024 19:00;15.5
22/10/2024 20:00;9.96
22/10/2024 21:00;0
22/10/2024 22:00;0
22/10/2024 23:00;0
23/10/2024 0:00;0
23/10/2024 1:00;0
23/10/2024 2:00;0
23/10/2024 3:00;0
23/10/2024 4:00;0
23/10/2024 5:00;0
23/10/2024 6:00;0
23/10/2024 7:00;0.504
23/10/2024 8:00;2.75
23/10/2024 9:00;0
23/10/2024 10:00;0
23/10/2024 11:00;0
23/10/2024 12:00;0
23/10/2024 13:00;0
23/10/2024 14:00;0
23/10/2024 15:00;15.6
23/10/2024 16:00;17.6
23/10/2024 17:00;17.3
23/10/2024 18:00;17.3
23/10/2024 19:00;17.2
23/10/2024 20:00;4.3
23/10/2024 21:00;0
23/10/2024 22:00;0
23/10/2024 23:00;0
24/10/2024 0:00;0
24/10/2024 1:00;0
24/10/2024 2:00;0
24/10/2024 3:00;0
24/10/2024 4:00;0
24/10/2024 5:00;0
24/10/2024 6:00;0
24/10/2024 7:00;0
24/10/2024 8:00;17.1
24/10/2024 9:00;18.2
24/10/2024 10:00;18.4
24/10/2024 11:00;18.5
24/10/2024 12:00;18.8
24/10/2024 13:00;18.6
24/10/2024 14:00;17.9
24/10/2024 15:00;17.6
24/10/2024 16:00;17.3
24/10/2024 17:00;17.3
24/10/2024 18:00;17.3
24/10/2024 19:00;17.2
24/10/2024 20:00;4.6
24/10/2024 21:00;0
24/10/2024 22:00;0
24/10/2024 23:00;0
25/10/2024 0:00;0
25/10/2024 1:00;0
25/10/2024 2:00;0
25/10/2024 3:00;0
25/10/2024 4:00;0
25/10/2024 5:00;0
25/10/2024 6:00;13.5
25/10/2024 7:00;16.4
25/10/2024 8:00;16.9
25/10/2024 9:00;17.1
25/10/2024 10:00;17.6
25/10/2024 11:00;17.6
25/10/2024 12:00;17.3
25/10/2024 13:00;17
25/10/2024 14:00;17.1
25/10/2024 15:00;17
25/10/2024 16:00;16.7
25/10/2024 17:00;16.4
25/10/2024 18:00;16.4
25/10/2024 19:00;16.4
25/10/2024 20:00;4.52
25/10/2024 21:00;0
25/10/2024 22:00;0
25/10/2024 23:00;0
26/10/2024 0:00;0
26/10/2024 1:00;0
26/10/2024 2:00;0
26/10/2024 3:00;0
26/10/2024 4:00;0
26/10/2024 5:00;0
26/10/2024 6:00;6.79
26/10/2024 7:00;17.3
26/10/2024 8:00;18
26/10/2024 9:00;18.6
26/10/2024 10:00;18.6
26/10/2024 11:00;18.3
26/10/2024 12:00;18.1
26/10/2024 13:00;17.8
26/10/2024 14:00;17.6
26/10/2024 15:00;17.5
26/10/2024 16:00;17.4
26/10/2024 17:00;17.3
26/10/2024 18:00;17.2
26/10/2024 19:00;17.2
26/10/2024 20:00;7.98
26/10/2024 21:00;0
26/10/2024 22:00;0
26/10/2024 23:00;0
27/10/2024 0:00;0
27/10/2024 1:00;0
27/10/2024 2:00;0
27/10/2024 3:00;0
27/10/2024 4:00;0
27/10/2024 5:00;0
27/10/2024 6:00;0
27/10/2024 7:00;11.4
27/10/2024 8:00;18.6
27/10/2024 9:00;18.6
27/10/2024 10:00;18.4
27/10/2024 11:00;18.2
27/10/2024 12:00;18.4
27/10/2024 13:00;18.7
27/10/2024 14:00;19.2
27/10/2024 15:00;18.9
27/10/2024 16:00;18.4
27/10/2024 17:00;17.7
27/10/2024 18:00;17.4
27/10/2024 19:00;9.22
27/10/2024 20:00;0
27/10/2024 21:00;0
27/10/2024 22:00;0
27/10/2024 23:00;0
28/10/2024 0:00;0
28/10/2024 1:00;0
28/10/2024 2:00;0
28/10/2024 3:00;0
28/10/2024 4:00;0
28/10/2024 5:00;0
28/10/2024 6:00;0
28/10/2024 7:00;0
28/10/2024 8:00;9.58
28/10/2024 9:00;17.7
28/10/2024 10:00;17.9
28/10/2024 11:00;17.4
28/10/2024 12:00;16.5
28/10/2024 13:00;17.6
28/10/2024 14:00;17.4
28/10/2024 15:00;17.3
28/10/2024 16:00;17.2
28/10/2024 17:00;17.2
28/10/2024 18:00;12.5
28/10/2024 19:00;12.3
28/10/2024 20:00;10.8
28/10/2024 21:00;0
28/10/2024 22:00;0
28/10/2024 23:00;0
29/10/2024 0:00;0
29/10/2024 1:00;0
29/10/2024 2:00;0
29/10/2024 3:00;0
29/10/2024 4:00;0
29/10/2024 5:00;0
29/10/2024 6:00;0
29/10/2024 7:00;16.9
29/10/2024 8:00;17.8
29/10/2024 9:00;18.2
29/10/2024 10:00;19.2
29/10/2024 11:00;19.5
29/10/2024 12:00;19.5
29/10/2024 13:00;17.9
29/10/2024 14:00;17.9
29/10/2024 15:00;17.8
29/10/2024 16:00;17.4
29/10/2024 17:00;17.2
29/10/2024 18:00;17.2
29/10/2024 19:00;17.2
29/10/2024 20:00;10.4
29/10/2024 21:00;0
29/10/2024 22:00;0
29/10/2024 23:00;0
30/10/2024 0:00;0
30/10/2024 1:00;0
30/10/2024 2:00;0
30/10/2024 3:00;0
30/10/2024 4:00;0
30/10/2024 5:00;0
30/10/2024 6:00;11.4
30/10/2024 7:00;17.6
30/10/2024 8:00;18
30/10/2024 9:00;18.3
30/10/2024 10:00;18.6
30/10/2024 11:00;18.2
30/10/2024 12:00;18.3
30/10/2024 13:00;18
30/10/2024 14:00;17.8
30/10/2024 15:00;17.4
30/10/2024 16:00;17.1
30/10/2024 17:00;17.2
30/10/2024 18:00;17.3
30/10/2024 19:00;17.1
30/10/2024 20:00;17.2
30/10/2024 21:00;0.907
30/10/2024 22:00;0
30/10/2024 23:00;0
31/10/2024 0:00;0
31/10/2024 1:00;0
31/10/2024 2:00;0
31/10/2024 3:00;0
31/10/2024 4:00;0
31/10/2024 5:00;0
31/10/2024 6:00;0
31/10/2024 7:00;9.84
31/10/2024 8:00;16.7
31/10/2024 9:00;17.1
31/10/2024 10:00;17.5
31/10/2024 11:00;17.7
31/10/2024 12:00;18.1
31/10/2024 13:00;18.4
31/10/2024 14:00;18.6
31/10/2024 15:00;18.1
31/10/2024 16:00;17.5
31/10/2024 17:00;17.2
31/10/2024 18:00;17.1
31/10/2024 19:00;17
31/10/2024 20:00;8.52
31/10/2024 21:00;0
31/10/2024 22:00;0
31/10/2024 23:00;0
1/11/2024 0:00;0
1/11/2024 1:00;0
1/11/2024 2:00;0
1/11/2024 3:00;0
1/11/2024 4:00;0
1/11/2024 5:00;0
1/11/2024 6:00;0
1/11/2024 7:00;10.8
1/11/2024 8:00;15.6
1/11/2024 9:00;
1/11/2024 10:00;
1/11/2024 11:00;
1/11/2024 12:00;
1/11/2024 13:00;
1/11/2024 14:00;
1/11/2024 15:00;16.8
1/11/2024 16:00;17.1
1/11/2024 17:00;17
1/11/2024 18:00;16.9
1/11/2024 19:00;16.9
1/11/2024 20:00;3.85
1/11/2024 21:00;0
1/11/2024 22:00;0
1/11/2024 23:00;0
2/11/2024 0:00;0
2/11/2024 1:00;0
2/11/2024 2:00;0
2/11/2024 3:00;0
2/11/2024 4:00;0
2/11/2024 5:00;0
2/11/2024 6:00;16.3
2/11/2024 7:00;16.7
2/11/2024 8:00;16.9
2/11/2024 9:00;17
2/11/2024 10:00;17.1
2/11/2024 11:00;17.3
2/11/2024 12:00;17.4
2/11/2024 13:00;17.5
2/11/2024 14:00;17.5
2/11/2024 15:00;17.4
2/11/2024 16:00;17.3
2/11/2024 17:00;16.9
2/11/2024 18:00;16.9
2/11/2024 19:00;17
2/11/2024 20:00;1.83
2/11/2024 21:00;0
2/11/2024 22:00;0
2/11/2024 23:00;0
3/11/2024 0:00;0
3/11/2024 1:00;0
3/11/2024 2:00;0
3/11/2024 3:00;0
3/11/2024 4:00;0
3/11/2024 5:00;0
3/11/2024 6:00;0
3/11/2024 7:00;11.6
3/11/2024 8:00;15.7
3/11/2024 9:00;15.5
3/11/2024 10:00;14
3/11/2024 11:00;13.7
3/11/2024 12:00;14
3/11/2024 13:00;14.3
3/11/2024 14:00;14.2
3/11/2024 15:00;14.5
3/11/2024 16:00;14.5
3/11/2024 17:00;14
3/11/2024 18:00;14.3
3/11/2024 19:00;5.82
3/11/2024 20:00;0
3/11/2024 21:00;0
3/11/2024 22:00;0
3/11/2024 23:00;0
4/11/2024 0:00;0
4/11/2024 1:00;0
4/11/2024 2:00;0
4/11/2024 3:00;0
4/11/2024 4:00;0
4/11/2024 5:00;0
4/11/2024 6:00;0
4/11/2024 7:00;0
4/11/2024 8:00;1.67
4/11/2024 9:00;17.6
4/11/2024 10:00;17.8
4/11/2024 11:00;18.1
4/11/2024 12:00;17.7
4/11/2024 13:00;17.8
4/11/2024 14:00;17.7
4/11/2024 15:00;16.9
4/11/2024 16:00;16.4
4/11/2024 17:00;16.4
4/11/2024 18:00;16.3
4/11/2024 19:00;6.96
4/11/2024 20:00;0
4/11/2024 21:00;0
4/11/2024 22:00;0
4/11/2024 23:00;0
5/11/2024 0:00;0
5/11/2024 1:00;0
5/11/2024 2:00;0
5/11/2024 3:00;0
5/11/2024 4:00;0
5/11/2024 5:00;0
5/11/2024 6:00;10.3
5/11/2024 7:00;16.9
5/11/2024 8:00;17.4
5/11/2024 9:00;17.8
5/11/2024 10:00;18.1
5/11/2024 11:00;18
5/11/2024 12:00;17.7
5/11/2024 13:00;16.1
5/11/2024 14:00;16.5
5/11/2024 15:00;17
5/11/2024 16:00;17.3
5/11/2024 17:00;16.9
5/11/2024 18:00;16.8
5/11/2024 19:00;16.9
5/11/2024 20:00;13.2
5/11/2024 21:00;0
5/11/2024 22:00;0
5/11/2024 23:00;0
6/11/2024 0:00;0
6/11/2024 1:00;0
6/11/2024 2:00;0
6/11/2024 3:00;0
6/11/2024 4:00;0
6/11/2024 5:00;0
6/11/2024 6:00;12.9
6/11/2024 7:00;17.1
6/11/2024 8:00;17.5
6/11/2024 9:00;18
6/11/2024 10:00;18.1
6/11/2024 11:00;18.1
6/11/2024 12:00;17
6/11/2024 13:00;17.9
6/11/2024 14:00;17.8
6/11/2024 15:00;18
6/11/2024 16:00;17.6
6/11/2024 17:00;17.3
6/11/2024 18:00;17.1
6/11/2024 19:00;17.2
6/11/2024 20:00;9.84
6/11/2024 21:00;0
6/11/2024 22:00;0
6/11/2024 23:00;0
7/11/2024 0:00;0
7/11/2024 1:00;0
7/11/2024 2:00;0
7/11/2024 3:00;0
7/11/2024 4:00;0
7/11/2024 5:00;0
7/11/2024 6:00;11.8
7/11/2024 7:00;15.1
7/11/2024 8:00;15.2
7/11/2024 9:00;14.8
7/11/2024 10:00;15.4
7/11/2024 11:00;15.6
7/11/2024 12:00;15.9
7/11/2024 13:00;14.1
7/11/2024 14:00;12.2
7/11/2024 15:00;13.1
7/11/2024 16:00;12.4
7/11/2024 17:00;12.6
7/11/2024 18:00;12.7
7/11/2024 19:00;12.6
7/11/2024 20:00;7.21
7/11/2024 21:00;0
7/11/2024 22:00;0
7/11/2024 23:00;0
8/11/2024 0:00;0
8/11/2024 1:00;0
8/11/2024 2:00;0
8/11/2024 3:00;0
8/11/2024 4:00;0
8/11/2024 5:00;0
8/11/2024 6:00;12.9
8/11/2024 7:00;16.3
8/11/2024 8:00;16.6
8/11/2024 9:00;17.1
8/11/2024 10:00;17.2
8/11/2024 11:00;17.7
8/11/2024 12:00;18
8/11/2024 13:00;17.1
8/11/2024 14:00;16.9
8/11/2024 15:00;17.3
8/11/2024 16:00;17.1
8/11/2024 17:00;15.9
8/11/2024 18:00;14.6
8/11/2024 19:00;13.4
8/11/2024 20:00;3.19
8/11/2024 21:00;0
8/11/2024 22:00;0
8/11/2024 23:00;0
9/11/2024 0:00;0
9/11/2024 1:00;0
9/11/2024 2:00;0
9/11/2024 3:00;0
9/11/2024 4:00;0
9/11/2024 5:00;0
9/11/2024 6:00;9.21
9/11/2024 7:00;15.6
9/11/2024 8:00;15.4
9/11/2024 9:00;13.6
9/11/2024 10:00;14.2
9/11/2024 11:00;13.8
9/11/2024 12:00;15.6
9/11/2024 13:00;15.3
9/11/2024 14:00;15.4
9/11/2024 15:00;14.7
9/11/2024 16:00;13.8
9/11/2024 17:00;14.4
9/11/2024 18:00;13.8
9/11/2024 19:00;13.2
9/11/2024 20:00;8.1
9/11/2024 21:00;0
9/11/2024 22:00;0
9/11/2024 23:00;0
10/11/2024 0:00;0
10/11/2024 1:00;0
10/11/2024 2:00;0
10/11/2024 3:00;0
10/11/2024 4:00;0
10/11/2024 5:00;0
10/11/2024 6:00;0
10/11/2024 7:00;2.35
10/11/2024 8:00;16.6
10/11/2024 9:00;17.1
10/11/2024 10:00;17.4
10/11/2024 11:00;18
10/11/2024 12:00;18
10/11/2024 13:00;17.1
10/11/2024 14:00;17.6
10/11/2024 15:00;16.8
10/11/2024 16:00;0
10/11/2024 17:00;0
10/11/2024 18:00;0
10/11/2024 19:00;0
10/11/2024 20:00;0
10/11/2024 21:00;0
10/11/2024 22:00;0
10/11/2024 23:00;0
11/11/2024 0:00;0
11/11/2024 1:00;0
11/11/2024 2:00;0
11/11/2024 3:00;0
11/11/2024 4:00;0
11/11/2024 5:00;0
11/11/2024 6:00;0
11/11/2024 7:00;12.4
11/11/2024 8:00;16
11/11/2024 9:00;16.5
11/11/2024 10:00;16.8
11/11/2024 11:00;16.8
11/11/2024 12:00;16.9
11/11/2024 13:00;16.6
11/11/2024 14:00;15.9
11/11/2024 15:00;14.8
11/11/2024 16:00;0
11/11/2024 17:00;0
11/11/2024 18:00;0
11/11/2024 19:00;0
11/11/2024 20:00;0
11/11/2024 21:00;0
11/11/2024 22:00;0
11/11/2024 23:00;0
12/11/2024 0:00;0
12/11/2024 1:00;0
12/11/2024 2:00;0
12/11/2024 3:00;0
12/11/2024 4:00;0
12/11/2024 5:00;0
12/11/2024 6:00;0
12/11/2024 7:00;14
12/11/2024 8:00;17.4
12/11/2024 9:00;18
12/11/2024 10:00;18.3
12/11/2024 11:00;18.5
12/11/2024 12:00;18.6
12/11/2024 13:00;18.6
12/11/2024 14:00;17.7
12/11/2024 15:00;15.4
12/11/2024 16:00;5.09
12/11/2024 17:00;17.2
12/11/2024 18:00;17.1
12/11/2024 19:00;16.9
12/11/2024 20:00;7.79
12/11/2024 21:00;0
12/11/2024 22:00;0
12/11/2024 23:00;0
13/11/2024 0:00;0
13/11/2024 1:00;0
13/11/2024 2:00;0
13/11/2024 3:00;0
13/11/2024 4:00;0
13/11/2024 5:00;0
13/11/2024 6:00;2.39
13/11/2024 7:00;15.6
13/11/2024 8:00;16.1
13/11/2024 9:00;15.8
13/11/2024 10:00;15.9
13/11/2024 11:00;15.6
13/11/2024 12:00;12.5
13/11/2024 13:00;11.2
13/11/2024 14:00;12.1
13/11/2024 15:00;10.8
13/11/2024 16:00;0
13/11/2024 17:00;0
13/11/2024 18:00;0
13/11/2024 19:00;0
13/11/2024 20:00;0
13/11/2024 21:00;0
13/11/2024 22:00;0
13/11/2024 23:00;0
14/11/2024 0:00;0
14/11/2024 1:00;0
14/11/2024 2:00;0
14/11/2024 3:00;0
14/11/2024 4:00;0
14/11/2024 5:00;0
14/11/2024 6:00;0
14/11/2024 7:00;14.1
14/11/2024 8:00;17
14/11/2024 9:00;17.6
14/11/2024 10:00;17.6
14/11/2024 11:00;17.7
14/11/2024 12:00;17.1
14/11/2024 13:00;17.4
14/11/2024 14:00;17.9
14/11/2024 15:00;16.6
14/11/2024 16:00;9.21
14/11/2024 17:00;17.1
14/11/2024 18:00;16.9
14/11/2024 19:00;16.8
14/11/2024 20:00;2.88
14/11/2024 21:00;0
14/11/2024 22:00;0
14/11/2024 23:00;0
15/11/2024 0:00;0
15/11/2024 1:00;0
15/11/2024 2:00;0
15/11/2024 3:00;0
15/11/2024 4:00;0
15/11/2024 5:00;0
15/11/2024 6:00;0
15/11/2024 7:00;7.57
15/11/2024 8:00;17
15/11/2024 9:00;17.6
15/11/2024 10:00;18.1
15/11/2024 11:00;18.4
15/11/2024 12:00;18.2
15/11/2024 13:00;16.8
15/11/2024 14:00;16.4
15/11/2024 15:00;16.9
15/11/2024 16:00;17.1
15/11/2024 17:00;16.9
15/11/2024 18:00;1.25
15/11/2024 19:00;0
15/11/2024 20:00;0
15/11/2024 21:00;0
15/11/2024 22:00;0
15/11/2024 23:00;0
16/11/2024 0:00;0
16/11/2024 1:00;0
16/11/2024 2:00;0
16/11/2024 3:00;0
16/11/2024 4:00;0
16/11/2024 5:00;0
16/11/2024 6:00;10.4
16/11/2024 7:00;16.3
16/11/2024 8:00;16.4
16/11/2024 9:00;16.8
16/11/2024 10:00;17.3
16/11/2024 11:00;17.3
16/11/2024 12:00;17.6
16/11/2024 13:00;17.9
16/11/2024 14:00;17.7
16/11/2024 15:00;17.4
16/11/2024 16:00;17.2
16/11/2024 17:00;16.9
16/11/2024 18:00;16.6
16/11/2024 19:00;16.4
16/11/2024 20:00;13.8
16/11/2024 21:00;0
16/11/2024 22:00;0
16/11/2024 23:00;0
17/11/2024 0:00;0
17/11/2024 1:00;0
17/11/2024 2:00;0
17/11/2024 3:00;0
17/11/2024 4:00;0
17/11/2024 5:00;0
17/11/2024 6:00;0
17/11/2024 7:00;11.2
17/11/2024 8:00;15.1
17/11/2024 9:00;14.5
17/11/2024 10:00;14.4
17/11/2024 11:00;14.8
17/11/2024 12:00;14.6
17/11/2024 13:00;14.7
17/11/2024 14:00;14.9
17/11/2024 15:00;14.5
17/11/2024 16:00;8.61
17/11/2024 17:00;8.15
17/11/2024 18:00;14.9
17/11/2024 19:00;8.86
17/11/2024 20:00;0
17/11/2024 21:00;0
17/11/2024 22:00;0
17/11/2024 23:00;0
18/11/2024 0:00;0
18/11/2024 1:00;0
18/11/2024 2:00;0
18/11/2024 3:00;0
18/11/2024 4:00;0
18/11/2024 5:00;0
18/11/2024 6:00;0
18/11/2024 7:00;10.7
18/11/2024 8:00;16.7
18/11/2024 9:00;17.4
18/11/2024 10:00;17.9
18/11/2024 11:00;18.4
18/11/2024 12:00;18.4
18/11/2024 13:00;18.1
18/11/2024 14:00;17.6
18/11/2024 15:00;16.6
18/11/2024 16:00;0
18/11/2024 17:00;0
18/11/2024 18:00;0
18/11/2024 19:00;0
18/11/2024 20:00;0
18/11/2024 21:00;0
18/11/2024 22:00;0
18/11/2024 23:00;0
19/11/2024 0:00;0
19/11/2024 1:00;0
19/11/2024 2:00;0
19/11/2024 3:00;0
19/11/2024 4:00;0
19/11/2024 5:00;0
19/11/2024 6:00;0
19/11/2024 7:00;16.1
19/11/2024 8:00;17
19/11/2024 9:00;17.6
19/11/2024 10:00;18.2
19/11/2024 11:00;18.4
19/11/2024 12:00;18.8
19/11/2024 13:00;19.1
19/11/2024 14:00;18.3
19/11/2024 15:00;17
19/11/2024 16:00;17
19/11/2024 17:00;16
19/11/2024 18:00;17.1
19/11/2024 19:00;16.5
19/11/2024 20:00;3.17
19/11/2024 21:00;0
19/11/2024 22:00;0
19/11/2024 23:00;0
20/11/2024 0:00;0
20/11/2024 1:00;0
20/11/2024 2:00;0
20/11/2024 3:00;0
20/11/2024 4:00;0
20/11/2024 5:00;0
20/11/2024 6:00;11.2
20/11/2024 7:00;14.9
20/11/2024 8:00;13
20/11/2024 9:00;14
20/11/2024 10:00;14.7
20/11/2024 11:00;14.8
20/11/2024 12:00;12
20/11/2024 13:00;13.5
20/11/2024 14:00;13.5
20/11/2024 15:00;12
20/11/2024 16:00;12.2
20/11/2024 17:00;14.5
20/11/2024 18:00;14.4
20/11/2024 19:00;14.4
20/11/2024 20:00;6.84
20/11/2024 21:00;0
20/11/2024 22:00;0
20/11/2024 23:00;0
21/11/2024 0:00;0
21/11/2024 1:00;0
21/11/2024 2:00;0
21/11/2024 3:00;0
21/11/2024 4:00;0
21/11/2024 5:00;0
21/11/2024 6:00;0
21/11/2024 7:00;10.1
21/11/2024 8:00;16.4
21/11/2024 9:00;12
21/11/2024 10:00;14.9
21/11/2024 11:00;17.5
21/11/2024 12:00;17.7
21/11/2024 13:00;17.6
21/11/2024 14:00;16.4
21/11/2024 15:00;15.5
21/11/2024 16:00;16.5
21/11/2024 17:00;5.88
21/11/2024 18:00;0
21/11/2024 19:00;0
21/11/2024 20:00;0
21/11/2024 21:00;0
21/11/2024 22:00;0
21/11/2024 23:00;0
22/11/2024 0:00;0
22/11/2024 1:00;0
22/11/2024 2:00;0
22/11/2024 3:00;0
22/11/2024 4:00;0
22/11/2024 5:00;0
22/11/2024 6:00;0
22/11/2024 7:00;10.5
22/11/2024 8:00;16.7
22/11/2024 9:00;17.1
22/11/2024 10:00;17.4
22/11/2024 11:00;17.5
22/11/2024 12:00;17.7
22/11/2024 13:00;17.3
22/11/2024 14:00;17
22/11/2024 15:00;17
22/11/2024 16:00;16.8
22/11/2024 17:00;6.69
22/11/2024 18:00;0
22/11/2024 19:00;0
22/11/2024 20:00;0
22/11/2024 21:00;0
22/11/2024 22:00;0
22/11/2024 23:00;0
23/11/2024 0:00;0
23/11/2024 1:00;0
23/11/2024 2:00;0
23/11/2024 3:00;0
23/11/2024 4:00;0
23/11/2024 5:00;0
23/11/2024 6:00;0
23/11/2024 7:00;11.1
23/11/2024 8:00;16.8
23/11/2024 9:00;16.9
23/11/2024 10:00;17.2
23/11/2024 11:00;17.6
23/11/2024 12:00;17
23/11/2024 13:00;17.2
23/11/2024 14:00;17.1
23/11/2024 15:00;17.1
23/11/2024 16:00;16.8
23/11/2024 17:00;16.7
23/11/2024 18:00;16.8
23/11/2024 19:00;16.8
23/11/2024 20:00;2.8
23/11/2024 21:00;0
23/11/2024 22:00;0
23/11/2024 23:00;0
24/11/2024 0:00;0
24/11/2024 1:00;0
24/11/2024 2:00;0
24/11/2024 3:00;0
24/11/2024 4:00;0
24/11/2024 5:00;0
24/11/2024 6:00;0
24/11/2024 7:00;0
24/11/2024 8:00;15.5
24/11/2024 9:00;17.9
24/11/2024 10:00;18.2
24/11/2024 11:00;18.6
24/11/2024 12:00;19.1
24/11/2024 13:00;19.3
24/11/2024 14:00;18.9
24/11/2024 15:00;18.3
24/11/2024 16:00;16.8
24/11/2024 17:00;16.2
24/11/2024 18:00;16.7
24/11/2024 19:00;5.65
24/11/2024 20:00;0
24/11/2024 21:00;0
24/11/2024 22:00;0
24/11/2024 23:00;0
25/11/2024 0:00;0
25/11/2024 1:00;0
25/11/2024 2:00;0
25/11/2024 3:00;0
25/11/2024 4:00;0
25/11/2024 5:00;0
25/11/2024 6:00;12.8
25/11/2024 7:00;16.7
25/11/2024 8:00;17.3
25/11/2024 9:00;17.6
25/11/2024 10:00;17.7
25/11/2024 11:00;18.1
25/11/2024 12:00;18.3
25/11/2024 13:00;18.5
25/11/2024 14:00;17.6
25/11/2024 15:00;15.5
25/11/2024 16:00;16.1
25/11/2024 17:00;16
25/11/2024 18:00;15.9
25/11/2024 19:00;15.9
25/11/2024 20:00;2.26
25/11/2024 21:00;0
25/11/2024 22:00;0
25/11/2024 23:00;0
26/11/2024 0:00;0
26/11/2024 1:00;0
26/11/2024 2:00;0
26/11/2024 3:00;0
26/11/2024 4:00;0
26/11/2024 5:00;0
26/11/2024 6:00;12.5
26/11/2024 7:00;16.7
26/11/2024 8:00;17.2
26/11/2024 9:00;17.8
26/11/2024 10:00;18.1
26/11/2024 11:00;16.5
26/11/2024 12:00;14.6
26/11/2024 13:00;16.3
26/11/2024 14:00;16.5
26/11/2024 15:00;17
26/11/2024 16:00;16.7
26/11/2024 17:00;16.9
26/11/2024 18:00;16.9
26/11/2024 19:00;16.8
26/11/2024 20:00;2.78
26/11/2024 21:00;0
26/11/2024 22:00;0
26/11/2024 23:00;0
27/11/2024 0:00;0
27/11/2024 1:00;0
27/11/2024 2:00;0
27/11/2024 3:00;0
27/11/2024 4:00;0
27/11/2024 5:00;0
27/11/2024 6:00;12.2
27/11/2024 7:00;16.3
27/11/2024 8:00;16.5
27/11/2024 9:00;16.9
27/11/2024 10:00;17.5
27/11/2024 11:00;17.5
27/11/2024 12:00;17.8
27/11/2024 13:00;17.4
27/11/2024 14:00;15.9
27/11/2024 15:00;16.1
27/11/2024 16:00;16.6
27/11/2024 17:00;16.7
27/11/2024 18:00;16.6
27/11/2024 19:00;16.6
27/11/2024 20:00;2.22
27/11/2024 21:00;0
27/11/2024 22:00;0
27/11/2024 23:00;0
28/11/2024 0:00;0
28/11/2024 1:00;0
28/11/2024 2:00;0
28/11/2024 3:00;0
28/11/2024 4:00;0
28/11/2024 5:00;0
28/11/2024 6:00;0
28/11/2024 7:00;14
28/11/2024 8:00;16.1
28/11/2024 9:00;16.5
28/11/2024 10:00;16.6
28/11/2024 11:00;16.6
28/11/2024 12:00;16.6
28/11/2024 13:00;16.6
28/11/2024 14:00;16.6
28/11/2024 15:00;16.5
28/11/2024 16:00;16
28/11/2024 17:00;15.9
28/11/2024 18:00;15.8
28/11/2024 19:00;15.8
28/11/2024 20:00;12.4
28/11/2024 21:00;0
28/11/2024 22:00;0
28/11/2024 23:00;0
29/11/2024 0:00;0
29/11/2024 1:00;0
29/11/2024 2:00;0
29/11/2024 3:00;0
29/11/2024 4:00;0
29/11/2024 5:00;0
29/11/2024 6:00;0
29/11/2024 7:00;0
29/11/2024 8:00;17.2
29/11/2024 9:00;17.7
29/11/2024 10:00;17.2
29/11/2024 11:00;16.5
29/11/2024 12:00;14.8
29/11/2024 13:00;14.9
29/11/2024 14:00;15.4
29/11/2024 15:00;15.7
29/11/2024 16:00;15.9
29/11/2024 17:00;15.3
29/11/2024 18:00;16.7
29/11/2024 19:00;16.8
29/11/2024 20:00;16.8
29/11/2024 21:00;6.69
29/11/2024 22:00;0
29/11/2024 23:00;0
30/11/2024 0:00;0
30/11/2024 1:00;0
30/11/2024 2:00;0
30/11/2024 3:00;0
30/11/2024 4:00;0
30/11/2024 5:00;0
30/11/2024 6:00;15.4
30/11/2024 7:00;16.3
30/11/2024 8:00;16.8
30/11/2024 9:00;17.3
30/11/2024 10:00;17.4
30/11/2024 11:00;18.1
30/11/2024 12:00;17.4
30/11/2024 13:00;17.6
30/11/2024 14:00;17.6
30/11/2024 15:00;17.5
30/11/2024 16:00;17.2
30/11/2024 17:00;17
30/11/2024 18:00;17
30/11/2024 19:00;17
30/11/2024 20:00;9.93
30/11/2024 21:00;0
30/11/2024 22:00;0
30/11/2024 23:00;0
1/12/2024 0:00;0
1/12/2024 1:00;0
1/12/2024 2:00;0
1/12/2024 3:00;0
1/12/2024 4:00;0
1/12/2024 5:00;0
1/12/2024 6:00;0
1/12/2024 7:00;13.8
1/12/2024 8:00;17.5
1/12/2024 9:00;17.4
1/12/2024 10:00;17.5
1/12/2024 11:00;17.5
1/12/2024 12:00;17.7
1/12/2024 13:00;18.1
1/12/2024 14:00;17.8
1/12/2024 15:00;17.5
1/12/2024 16:00;17.2
1/12/2024 17:00;17
1/12/2024 18:00;16.9
1/12/2024 19:00;8.42
1/12/2024 20:00;0
1/12/2024 21:00;0
1/12/2024 22:00;0
1/12/2024 23:00;0
2/12/2024 0:00;0
2/12/2024 1:00;0
2/12/2024 2:00;0
2/12/2024 3:00;0
2/12/2024 4:00;0
2/12/2024 5:00;0
2/12/2024 6:00;7.77
2/12/2024 7:00;16.8
2/12/2024 8:00;17.3
2/12/2024 9:00;17.5
2/12/2024 10:00;17.7
2/12/2024 11:00;17.7
2/12/2024 12:00;17.6
2/12/2024 13:00;17.7
2/12/2024 14:00;17.4
2/12/2024 15:00;17
2/12/2024 16:00;17
2/12/2024 17:00;16.9
2/12/2024 18:00;16.9
2/12/2024 19:00;16.9
2/12/2024 20:00;10.5
2/12/2024 21:00;0
2/12/2024 22:00;0
2/12/2024 23:00;0
3/12/2024 0:00;0
3/12/2024 1:00;0
3/12/2024 2:00;0
3/12/2024 3:00;0
3/12/2024 4:00;0
3/12/2024 5:00;0
3/12/2024 6:00;10.9
3/12/2024 7:00;16.6
3/12/2024 8:00;17.1
3/12/2024 9:00;17.6
3/12/2024 10:00;17.8
3/12/2024 11:00;17.6
3/12/2024 12:00;17.4
3/12/2024 13:00;17.4
3/12/2024 14:00;13.1
3/12/2024 15:00;16.2
3/12/2024 16:00;14.3
3/12/2024 17:00;11.1
3/12/2024 18:00;15.9
3/12/2024 19:00;15.8
3/12/2024 20:00;11.6
3/12/2024 21:00;0
3/12/2024 22:00;0
3/12/2024 23:00;0
4/12/2024 0:00;0
4/12/2024 1:00;0
4/12/2024 2:00;0
4/12/2024 3:00;0
4/12/2024 4:00;0
4/12/2024 5:00;0
4/12/2024 6:00;6.6
4/12/2024 7:00;16.9
4/12/2024 8:00;17.2
4/12/2024 9:00;17.5
4/12/2024 10:00;17.5
4/12/2024 11:00;17.7
4/12/2024 12:00;17.7
4/12/2024 13:00;17.3
4/12/2024 14:00;17.5
4/12/2024 15:00;17.2
4/12/2024 16:00;16.9
4/12/2024 17:00;16.8
4/12/2024 18:00;16.7
4/12/2024 19:00;16.7
4/12/2024 20:00;7.79
4/12/2024 21:00;0
4/12/2024 22:00;0
4/12/2024 23:00;0
5/12/2024 0:00;0
5/12/2024 1:00;0
5/12/2024 2:00;0
5/12/2024 3:00;0
5/12/2024 4:00;0
5/12/2024 5:00;0
5/12/2024 6:00;6.57
5/12/2024 7:00;16.7
5/12/2024 8:00;17.1
5/12/2024 9:00;17.3
5/12/2024 10:00;17.4
5/12/2024 11:00;17.6
5/12/2024 12:00;17.6
5/12/2024 13:00;17.5
5/12/2024 14:00;17.4
5/12/2024 15:00;17.3
5/12/2024 16:00;17
5/12/2024 17:00;16.8
5/12/2024 18:00;16.8
5/12/2024 19:00;16.9
5/12/2024 20:00;11
5/12/2024 21:00;0
5/12/2024 22:00;0
5/12/2024 23:00;0
6/12/2024 0:00;0
6/12/2024 1:00;0
6/12/2024 2:00;0
6/12/2024 3:00;0
6/12/2024 4:00;0
6/12/2024 5:00;0
6/12/2024 6:00;0
6/12/2024 7:00;0
6/12/2024 8:00;15.2
6/12/2024 9:00;17.2
6/12/2024 10:00;17.4
6/12/2024 11:00;17.8
6/12/2024 12:00;17.5
6/12/2024 13:00;17.4
6/12/2024 14:00;17.5
6/12/2024 15:00;17.1
6/12/2024 16:00;16.9
6/12/2024 17:00;16.7
6/12/2024 18:00;16.7
6/12/2024 19:00;16.7
6/12/2024 20:00;16.8
6/12/2024 21:00;16.8
6/12/2024 22:00;12.7
6/12/2024 23:00;0
7/12/2024 0:00;0
7/12/2024 1:00;0
7/12/2024 2:00;0
7/12/2024 3:00;0
7/12/2024 4:00;0
7/12/2024 5:00;0
7/12/2024 6:00;10.7
7/12/2024 7:00;16.4
7/12/2024 8:00;16.8
7/12/2024 9:00;17.2
7/12/2024 10:00;17.5
7/12/2024 11:00;17.5
7/12/2024 12:00;17.4
7/12/2024 13:00;17.3
7/12/2024 14:00;17.1
7/12/2024 15:00;17.3
7/12/2024 16:00;17.1
7/12/2024 17:00;16.9
7/12/2024 18:00;16.9
7/12/2024 19:00;16.8
7/12/2024 20:00;16.2
7/12/2024 21:00;0
7/12/2024 22:00;0
7/12/2024 23:00;0
8/12/2024 0:00;0
8/12/2024 1:00;0
8/12/2024 2:00;0
8/12/2024 3:00;0
8/12/2024 4:00;0
8/12/2024 5:00;0
8/12/2024 6:00;0
8/12/2024 7:00;3.92
8/12/2024 8:00;17.2
8/12/2024 9:00;17.4
8/12/2024 10:00;17.7
8/12/2024 11:00;18.4
8/12/2024 12:00;17.7
8/12/2024 13:00;17.8
8/12/2024 14:00;17.7
8/12/2024 15:00;17.5
8/12/2024 16:00;17.1
8/12/2024 17:00;16.9
8/12/2024 18:00;16.7
8/12/2024 19:00;9.46
8/12/2024 20:00;0
8/12/2024 21:00;0
8/12/2024 22:00;0
8/12/2024 23:00;0
9/12/2024 0:00;0
9/12/2024 1:00;0
9/12/2024 2:00;0
9/12/2024 3:00;0
9/12/2024 4:00;0
9/12/2024 5:00;0
9/12/2024 6:00;0
9/12/2024 7:00;7.47
9/12/2024 8:00;17
9/12/2024 9:00;17.3
9/12/2024 10:00;17.8
9/12/2024 11:00;18.1
9/12/2024 12:00;17.8
9/12/2024 13:00;17.7
9/12/2024 14:00;17.4
9/12/2024 15:00;17.2
9/12/2024 16:00;17.1
9/12/2024 17:00;16.9
9/12/2024 18:00;16.8
9/12/2024 19:00;16.8
9/12/2024 20:00;12.3
9/12/2024 21:00;0
9/12/2024 22:00;0
9/12/2024 23:00;0
10/12/2024 0:00;0
10/12/2024 1:00;0
10/12/2024 2:00;0
10/12/2024 3:00;0
10/12/2024 4:00;0
10/12/2024 5:00;0
10/12/2024 6:00;0
10/12/2024 7:00;0
10/12/2024 8:00;
10/12/2024 9:00;15.5
10/12/2024 10:00;16.3
10/12/2024 11:00;16.7
10/12/2024 12:00;16.6
10/12/2024 13:00;16.8
10/12/2024 14:00;16.8
10/12/2024 15:00;16.4
10/12/2024 16:00;14
10/12/2024 17:00;15.9
10/12/2024 18:00;15.8
10/12/2024 19:00;15.8
10/12/2024 20:00;9.98
10/12/2024 21:00;0
10/12/2024 22:00;0
10/12/2024 23:00;0
11/12/2024 0:00;0
11/12/2024 1:00;0
11/12/2024 2:00;0
11/12/2024 3:00;0
11/12/2024 4:00;0
11/12/2024 5:00;0
11/12/2024 6:00;0
11/12/2024 7:00;11.1
11/12/2024 8:00;17.2
11/12/2024 9:00;17.5
11/12/2024 10:00;17.6
11/12/2024 11:00;15
11/12/2024 12:00;16.4
11/12/2024 13:00;16.5
11/12/2024 14:00;16.4
11/12/2024 15:00;16.2
11/12/2024 16:00;15.9
11/12/2024 17:00;10.7
11/12/2024 18:00;15.8
11/12/2024 19:00;15.8
11/12/2024 20:00;11.5
11/12/2024 21:00;0
11/12/2024 22:00;0
11/12/2024 23:00;0
12/12/2024 0:00;0
12/12/2024 1:00;0
12/12/2024 2:00;0
12/12/2024 3:00;0
12/12/2024 4:00;0
12/12/2024 5:00;0
12/12/2024 6:00;0
12/12/2024 7:00;2.62
12/12/2024 8:00;15.9
12/12/2024 9:00;16.1
12/12/2024 10:00;16.4
12/12/2024 11:00;16.5
12/12/2024 12:00;16.5
12/12/2024 13:00;16.6
12/12/2024 14:00;16.4
12/12/2024 15:00;16.2
12/12/2024 16:00;15.9
12/12/2024 17:00;15.7
12/12/2024 18:00;15.7
12/12/2024 19:00;10.6
12/12/2024 20:00;5.22
12/12/2024 21:00;0
12/12/2024 22:00;0
12/12/2024 23:00;0
13/12/2024 0:00;0
13/12/2024 1:00;0
13/12/2024 2:00;0
13/12/2024 3:00;0
13/12/2024 4:00;0
13/12/2024 5:00;0
13/12/2024 6:00;1.07
13/12/2024 7:00;16.8
13/12/2024 8:00;17
13/12/2024 9:00;17.3
13/12/2024 10:00;17.4
13/12/2024 11:00;17.4
13/12/2024 12:00;17.1
13/12/2024 13:00;17.2
13/12/2024 14:00;17.2
13/12/2024 15:00;16.8
13/12/2024 16:00;16.3
13/12/2024 17:00;4.23
13/12/2024 18:00;0
13/12/2024 19:00;0
13/12/2024 20:00;0
13/12/2024 21:00;0
13/12/2024 22:00;0
13/12/2024 23:00;0
14/12/2024 0:00;0
14/12/2024 1:00;0
14/12/2024 2:00;0
14/12/2024 3:00;0
14/12/2024 4:00;0
14/12/2024 5:00;0
14/12/2024 6:00;0
14/12/2024 7:00;11.6
14/12/2024 8:00;16.9
14/12/2024 9:00;17.3
14/12/2024 10:00;17.5
14/12/2024 11:00;17.6
14/12/2024 12:00;17.5
14/12/2024 13:00;17.3
14/12/2024 14:00;17.3
14/12/2024 15:00;17
14/12/2024 16:00;16.5
14/12/2024 17:00;9.13
14/12/2024 18:00;9.1
14/12/2024 19:00;9.07
14/12/2024 20:00;6.88
14/12/2024 21:00;0
14/12/2024 22:00;0
14/12/2024 23:00;0
15/12/2024 0:00;0
15/12/2024 1:00;0
15/12/2024 2:00;0
15/12/2024 3:00;0
15/12/2024 4:00;0
15/12/2024 5:00;0
15/12/2024 6:00;0
15/12/2024 7:00;9.42
15/12/2024 8:00;15.5
15/12/2024 9:00;14.9
15/12/2024 10:00;14.5
15/12/2024 11:00;15.3
15/12/2024 12:00;14.7
15/12/2024 13:00;14.6
15/12/2024 14:00;14.8
15/12/2024 15:00;14.4
15/12/2024 16:00;13.7
15/12/2024 17:00;13.6
15/12/2024 18:00;12.9
15/12/2024 19:00;1.97
15/12/2024 20:00;0
15/12/2024 21:00;0
15/12/2024 22:00;0
15/12/2024 23:00;0
16/12/2024 0:00;0
16/12/2024 1:00;0
16/12/2024 2:00;0
16/12/2024 3:00;0
16/12/2024 4:00;0
16/12/2024 5:00;0
16/12/2024 6:00;10.1
16/12/2024 7:00;16.3
16/12/2024 8:00;16
16/12/2024 9:00;15.4
16/12/2024 10:00;15.3
16/12/2024 11:00;16.4
16/12/2024 12:00;16.5
16/12/2024 13:00;16.2
16/12/2024 14:00;15.5
16/12/2024 15:00;15.1
16/12/2024 16:00;14.3
16/12/2024 17:00;14.5
16/12/2024 18:00;14.1
16/12/2024 19:00;13.8
16/12/2024 20:00;11
16/12/2024 21:00;0
16/12/2024 22:00;0
16/12/2024 23:00;0
17/12/2024 0:00;0
17/12/2024 1:00;0
17/12/2024 2:00;0
17/12/2024 3:00;0
17/12/2024 4:00;0
17/12/2024 5:00;0
17/12/2024 6:00;11.3
17/12/2024 7:00;16.9
17/12/2024 8:00;17.2
17/12/2024 9:00;17.7
17/12/2024 10:00;18.3
17/12/2024 11:00;18.3
17/12/2024 12:00;18.1
17/12/2024 13:00;17.7
17/12/2024 14:00;17.4
17/12/2024 15:00;17.1
17/12/2024 16:00;16.6
17/12/2024 17:00;9.23
17/12/2024 18:00;4.91
17/12/2024 19:00;7.36
17/12/2024 20:00;6.83
17/12/2024 21:00;0
17/12/2024 22:00;0
17/12/2024 23:00;0
18/12/2024 0:00;0
18/12/2024 1:00;0
18/12/2024 2:00;0
18/12/2024 3:00;0
18/12/2024 4:00;0
18/12/2024 5:00;0
18/12/2024 6:00;13.1
18/12/2024 7:00;16.9
18/12/2024 8:00;17.5
18/12/2024 9:00;18.1
18/12/2024 10:00;18.6
18/12/2024 11:00;18.6
18/12/2024 12:00;18.1
18/12/2024 13:00;17.9
18/12/2024 14:00;17.7
18/12/2024 15:00;17.4
18/12/2024 16:00;17
18/12/2024 17:00;16.8
18/12/2024 18:00;16.8
18/12/2024 19:00;16.8
18/12/2024 20:00;12.1
18/12/2024 21:00;0
18/12/2024 22:00;0
18/12/2024 23:00;0
19/12/2024 0:00;0
19/12/2024 1:00;0
19/12/2024 2:00;0
19/12/2024 3:00;0
19/12/2024 4:00;0
19/12/2024 5:00;0
19/12/2024 6:00;11.4
19/12/2024 7:00;15.8
19/12/2024 8:00;16.2
19/12/2024 9:00;16.3
19/12/2024 10:00;16.3
19/12/2024 11:00;16.7
19/12/2024 12:00;16.7
19/12/2024 13:00;16.5
19/12/2024 14:00;16.6
19/12/2024 15:00;16.5
19/12/2024 16:00;16
19/12/2024 17:00;15.9
19/12/2024 18:00;15.8
19/12/2024 19:00;9.23
19/12/2024 20:00;8.73
19/12/2024 21:00;3.77
19/12/2024 22:00;0
19/12/2024 23:00;0
20/12/2024 0:00;0
20/12/2024 1:00;0
20/12/2024 2:00;0
20/12/2024 3:00;0
20/12/2024 4:00;0
20/12/2024 5:00;0
20/12/2024 6:00;12.2
20/12/2024 7:00;15.5
20/12/2024 8:00;15.4
20/12/2024 9:00;16
20/12/2024 10:00;16.4
20/12/2024 11:00;16.7
20/12/2024 12:00;16.6
20/12/2024 13:00;16.4
20/12/2024 14:00;16.3
20/12/2024 15:00;16
20/12/2024 16:00;15.5
20/12/2024 17:00;8.68
20/12/2024 18:00;8.7
20/12/2024 19:00;2.89
20/12/2024 20:00;0
20/12/2024 21:00;0
20/12/2024 22:00;0
20/12/2024 23:00;0
21/12/2024 0:00;0
21/12/2024 1:00;0
21/12/2024 2:00;0
21/12/2024 3:00;0
21/12/2024 4:00;0
21/12/2024 5:00;2.67
21/12/2024 6:00;16.6
21/12/2024 7:00;16.7
21/12/2024 8:00;17
21/12/2024 9:00;17.6
21/12/2024 10:00;17.8
21/12/2024 11:00;17.8
21/12/2024 12:00;17.9
21/12/2024 13:00;18.2
21/12/2024 14:00;18
21/12/2024 15:00;17.5
21/12/2024 16:00;16.8
21/12/2024 17:00;9.29
21/12/2024 18:00;9.27
21/12/2024 19:00;2.24
21/12/2024 20:00;0
21/12/2024 21:00;0
21/12/2024 22:00;0
21/12/2024 23:00;0
22/12/2024 0:00;0
22/12/2024 1:00;0
22/12/2024 2:00;0
22/12/2024 3:00;0
22/12/2024 4:00;0
22/12/2024 5:00;0
22/12/2024 6:00;0
22/12/2024 7:00;0
22/12/2024 8:00;15.3
22/12/2024 9:00;17.7
22/12/2024 10:00;18.1
22/12/2024 11:00;17.7
22/12/2024 12:00;17.4
22/12/2024 13:00;17.1
22/12/2024 14:00;17
22/12/2024 15:00;16.9
22/12/2024 16:00;16.9
22/12/2024 17:00;16.9
22/12/2024 18:00;16.8
22/12/2024 19:00;8.09
22/12/2024 20:00;0
22/12/2024 21:00;0
22/12/2024 22:00;0
22/12/2024 23:00;0
23/12/2024 0:00;0
23/12/2024 1:00;0
23/12/2024 2:00;0
23/12/2024 3:00;0
23/12/2024 4:00;0
23/12/2024 5:00;0
23/12/2024 6:00;0
23/12/2024 7:00;0
23/12/2024 8:00;12.9
23/12/2024 9:00;17.3
23/12/2024 10:00;17.4
23/12/2024 11:00;17.2
23/12/2024 12:00;17
23/12/2024 13:00;17.1
23/12/2024 14:00;17
23/12/2024 15:00;16.9
23/12/2024 16:00;16.8
23/12/2024 17:00;16.8
23/12/2024 18:00;16.7
23/12/2024 19:00;16.7
23/12/2024 20:00;16.8
23/12/2024 21:00;7.28
23/12/2024 22:00;0
23/12/2024 23:00;0
24/12/2024 0:00;0
24/12/2024 1:00;0
24/12/2024 2:00;0
24/12/2024 3:00;0
24/12/2024 4:00;0
24/12/2024 5:00;0
24/12/2024 6:00;0
24/12/2024 7:00;16.1
24/12/2024 8:00;16.8
24/12/2024 9:00;16.2
24/12/2024 10:00;18.3
24/12/2024 11:00;18.7
24/12/2024 12:00;18.5
24/12/2024 13:00;18
24/12/2024 14:00;17.4
24/12/2024 15:00;17.3
24/12/2024 16:00;17
24/12/2024 17:00;12.4
24/12/2024 18:00;0
24/12/2024 19:00;0
24/12/2024 20:00;0
24/12/2024 21:00;0
24/12/2024 22:00;0
24/12/2024 23:00;0
25/12/2024 0:00;0
25/12/2024 1:00;0
25/12/2024 2:00;0
25/12/2024 3:00;0
25/12/2024 4:00;0
25/12/2024 5:00;0
25/12/2024 6:00;0
25/12/2024 7:00;0
25/12/2024 8:00;12.2
25/12/2024 9:00;16.2
25/12/2024 10:00;16.5
25/12/2024 11:00;16.7
25/12/2024 12:00;16.7
25/12/2024 13:00;16.4
25/12/2024 14:00;16.3
25/12/2024 15:00;16
25/12/2024 16:00;15.9
25/12/2024 17:00;11.1
25/12/2024 18:00;0
25/12/2024 19:00;0
25/12/2024 20:00;0
25/12/2024 21:00;0
25/12/2024 22:00;0
25/12/2024 23:00;0
26/12/2024 0:00;0
26/12/2024 1:00;0
26/12/2024 2:00;0
26/12/2024 3:00;0
26/12/2024 4:00;0
26/12/2024 5:00;0
26/12/2024 6:00;0
26/12/2024 7:00;14.3
26/12/2024 8:00;16.9
26/12/2024 9:00;17.4
26/12/2024 10:00;17.8
26/12/2024 11:00;18.3
26/12/2024 12:00;18.2
26/12/2024 13:00;17.9
26/12/2024 14:00;17.4
26/12/2024 15:00;16.9
26/12/2024 16:00;16.9
26/12/2024 17:00;
26/12/2024 18:00;
26/12/2024 19:00;
26/12/2024 20:00;
26/12/2024 21:00;
26/12/2024 22:00;
26/12/2024 23:00;
